title,company,location,link
Front-end & Back-end Typescript 개발자,랩투마켓,서울 마포구,https://kr.indeed.com/viewjob?jk=326d0a9f45994db8
Front-end 프로그래머 모집,엔씨소프트,성남 판교역,https://kr.indeed.com/viewjob?jk=475f40118f13658b
기술 인턴 인공지능 응용 연구/개발 인턴,써로마인드로보틱스,서울 관악구,https://kr.indeed.com/viewjob?jk=71c47ac87bb4087e
퍼플 플랫폼 웹 Front-End 개발자 모집,엔씨소프트,성남 판교역,https://kr.indeed.com/viewjob?jk=dfd75255f7ad1d20
[텐일레븐] 2021 경력 개발자,텐일레븐,서울 마포구,https://kr.indeed.com/viewjob?jk=55cc45f4277a3f6a
[국내 최고회사] Front-End 개발자,인코리아 프로페셔널,성남 분당구,https://kr.indeed.com/viewjob?jk=d4e0ea410b5cedb2
Web Front-End Engineer,뱅크샐러드,서울 영등포구,https://kr.indeed.com/viewjob?jk=8c1dc6e24eeb8495
업무자동화시스템 웹개발자 모집,넷마블,서울 구로구,https://kr.indeed.com/viewjob?jk=540d920355b6b86c
각 부문별 직원,엔에이치엔고도,서울 구로구,https://kr.indeed.com/viewjob?jk=61026698b851872f
Front-End 개발자(),NHN SOFT,성남 판교역,https://kr.indeed.com/viewjob?jk=1309266643ad2850
Front-end Engineer,Kasa,서울,https://kr.indeed.com/viewjob?jk=9b44d3d1b693e9ba
디지털 플랫폼 개발 경력사원,LG전자,서울 영등포구,https://kr.indeed.com/viewjob?jk=3f8eb1de24add612
Front-end 웹/앱 개발자 (병역특례 가능),스마트디아그노시스,서울 마포구,https://kr.indeed.com/viewjob?jk=8a48c202f69d2877
[NHN godo] Front-End 개발자,엔에이치엔고도,서울 구로구,https://kr.indeed.com/viewjob?jk=ff412a9236bea5b9
"AOS 개발, WEB Front-End 개발 신입/경력 정규직",파인원커뮤니케이션즈,서울 금천구,https://kr.indeed.com/viewjob?jk=7967b7b95163ae73
"(유망벤처기업) Front-End, HTML, CSS개발자",인코리아 프로페셔널,서울 강남구,https://kr.indeed.com/viewjob?jk=a56a68e3d7313253
"[인공지능기업] Front-End, HTML, CSS",머니브레인,서울,https://kr.indeed.com/viewjob?jk=655b7360721ec6a7
McKinsey Implementation Fellow Program (18-months),McKinsey & Company,서울,https://kr.indeed.com/viewjob?jk=9e12268ffa0ee416
한화생명 Front-End / Back-End 개발자 경력채용,한화그룹,서울,https://kr.indeed.com/viewjob?jk=7818c92e8480d5d7
27040 - IT Support Branch & Securities,Credit Suisse,대한민국,https://kr.indeed.com/viewjob?jk=fbc910c7a89fc1b5
"Director, Front-end Engineering (Product Engineering)",Coupang,서울,https://kr.indeed.com/viewjob?jk=951c850d246f098e
[PUBG: NEW STATE] Front-end Developer,PUBG,서울,https://kr.indeed.com/viewjob?jk=ce770e4ab47bfb75
Partners GTM(Go To Market) Excellence Specialist,Nike,서울,https://kr.indeed.com/viewjob?jk=8bc4883e8f12a117
[인재풀] 엔지니어,Electronic Arts,서울,https://kr.indeed.com/viewjob?jk=680c39ef7db1df64
NLP Researcher,AITRICS,서울,https://kr.indeed.com/viewjob?jk=3cf01580ba5eb23a
서비스 플랫폼 Front-end 개발자 (React.js 경험자 우대),에이피서비스,서울 강남구,https://kr.indeed.com/viewjob?jk=649923cc1fc9cd2c
[SPC GFS] Front-end / Back-end 개발자 경력사원,에스피씨지에프에스,서울 서초구,https://kr.indeed.com/viewjob?jk=bf6b73b3bb77d49b
Junior Front-End Developer,Asiance,서울,https://kr.indeed.com/viewjob?jk=26d97d1036bb1636
Front-End 개발자 모집,엔씨소프트,성남 판교역,https://kr.indeed.com/viewjob?jk=dd59c0a8a713dd99
프론트엔드(Front-end) 개발자님 정중히 (react-native),위솝,서울 마포구,https://kr.indeed.com/viewjob?jk=b226536a79e18737
Dooray! 프론트엔드 개발,NHN Dooray,성남 판교역,https://kr.indeed.com/viewjob?jk=dbf0d33ae4fa49be
Front-end Developer 프론트엔드 개발자,Peer,서울 강남구,https://kr.indeed.com/viewjob?jk=9f4b8c42b3aca40f
웹기반 금융 플랫폼 개발 팀장님,핀투비,서울 여의도,https://kr.indeed.com/viewjob?jk=14905eb509bf91e2
Front end 개발자 (),데브툴즈,안양 동안구,https://kr.indeed.com/viewjob?jk=b16a08072d3e9d93
세계화 플랫폼 앱&웹 개발자,시제,서울 강남구,https://kr.indeed.com/viewjob?jk=00e81fc701933452
CX Visual Designer,Cisco Systems,서울,https://kr.indeed.com/viewjob?jk=ffd9e70b34d15361
Front-End 개발자,NHN godo,서울 구로구,https://kr.indeed.com/viewjob?jk=85b5254a3f172d93
[똑똑한개발자] React 프론트엔드 개발자 (경력),로켓메이커스,서울 마포구,https://kr.indeed.com/viewjob?jk=e9c556dbdfc461bb
Back-end Engineer,Kasa,서울,https://kr.indeed.com/viewjob?jk=1142010dbbc524bc
기판소재사업부 경력사원,LG이노텍,경상북도 구미,https://kr.indeed.com/viewjob?jk=66b73a6316aad7ff
プログラムアーキテクト/프로그램 아키텍트,Salesforce,서울,https://kr.indeed.com/viewjob?jk=f6b8b8d4214b8538
"UI·UX디자인 신입/경력 정규직, 계약직",로켓메이커스,서울 마포구,https://kr.indeed.com/viewjob?jk=3ca136797a35db5c
[단기계약직] Front-end 개발자 모집,엔씨소프트,성남 판교역,https://kr.indeed.com/viewjob?jk=142d4985e15d32e6
[Platform Engineering] Front-end Engineer,네이버,서울,https://kr.indeed.com/viewjob?jk=6de1a6aec241ec66
야놀자트래블 서버플랫폼 개발,야놀자트래블,서울 강남구,https://kr.indeed.com/viewjob?jk=3d2a4dc66d0193c0
Blockchain Service Front-end Engineer,LINE Plus corporation,대한민국,https://kr.indeed.com/viewjob?jk=a4df3e13459f0831
[경력개발자채용] Front-End 개발자,고도소프트,서울 구로구,https://kr.indeed.com/viewjob?jk=4f967a168d874895
"프론트엔드, 백엔드, Java·JSP 신입,경력사원",틴텍씨앤씨,서울 강서구,https://kr.indeed.com/viewjob?jk=29e80c7685907ed5
[SNOW] Server 백엔드 개발자,네이버,서울,https://kr.indeed.com/viewjob?jk=f87ad58b53b644ba
Senior Web Front-End Engineer,뱅크샐러드,서울 영등포구,https://kr.indeed.com/viewjob?jk=c33d50c5f42d9189
"프론트엔드, 백엔드, Java·JSP 신입,경력사원",틴텍씨앤씨,서울 강서구,https://kr.indeed.com/viewjob?jk=29e80c7685907ed5
[Platform Engineering] Front-end Engineer,네이버,서울,https://kr.indeed.com/viewjob?jk=6de1a6aec241ec66
Front-end Developer 프론트엔드 개발자,Peer,서울 강남구,https://kr.indeed.com/viewjob?jk=9f4b8c42b3aca40f
웹기반 금융 플랫폼 개발 팀장님,핀투비,서울 여의도,https://kr.indeed.com/viewjob?jk=14905eb509bf91e2
Senior Web Front-End Engineer,뱅크샐러드,서울 영등포구,https://kr.indeed.com/viewjob?jk=c33d50c5f42d9189
[똑똑한개발자] React 프론트엔드 개발자 (경력),로켓메이커스,서울 마포구,https://kr.indeed.com/viewjob?jk=e9c556dbdfc461bb
UI 마크업 개발자,고도소프트,서울 구로구,https://kr.indeed.com/viewjob?jk=8e64f322333e5734
"UI·UX디자인 신입/경력 정규직, 계약직",로켓메이커스,서울 마포구,https://kr.indeed.com/viewjob?jk=3ca136797a35db5c
Java 웹 개발 경력자,디오티스,서울 송파구,https://kr.indeed.com/viewjob?jk=2450caf55522d34e
국내 유명 게임사 빌링기획 팀장급,그레이프 파트너즈,성남 분당구,https://kr.indeed.com/viewjob?jk=620d83cf1dfced28
(주)에어키 웹 개발 경력직,에어키,서울 서초구,https://kr.indeed.com/viewjob?jk=f02101e6987d772d
"Senior, Back-end Engineer (Service Engineering)",Coupang,서울,https://kr.indeed.com/viewjob?jk=8a05f54c76bffc1f
CX Visual Designer,Cisco Systems,서울,https://kr.indeed.com/viewjob?jk=ffd9e70b34d15361
야놀자트래블 서버플랫폼 개발,야놀자트래블,서울 강남구,https://kr.indeed.com/viewjob?jk=3d2a4dc66d0193c0
[강남역] SI 생보사 개발 경력사원 (계약직&프리랜서),모드니사회적협동조합,서울,https://kr.indeed.com/viewjob?jk=eaa514120c54ce28
백엔드 개발 정규직 경력사원(5년 이하),포티투마루,서울 관악구,https://kr.indeed.com/viewjob?jk=e156570e477aea13
DataOps 솔루션 개발자 영입,베스핀글로벌,성남 분당구,https://kr.indeed.com/viewjob?jk=64a933150be0d026
Analog RF IC full custom layout 및 verification 엔지니어,15년 연혁의 우수 벤처기업 (비메모리 팹리스),서울 강남구,https://kr.indeed.com/viewjob?jk=2a85904b2a85b9fa
JAVA 개발자 경력직/신입,로지포커스,서울 성동구,https://kr.indeed.com/viewjob?jk=1e708a23b9f87c19
웹 프론트엔드 개발자 모집,넷마블,서울 구로구,https://kr.indeed.com/viewjob?jk=5f65df87539e8142
Junior UX Project Manager,Asiance,서울,https://kr.indeed.com/viewjob?jk=a128acc5a9a063a4
Camera Process Development Engineer,Apple,서울,https://kr.indeed.com/viewjob?jk=2ebded981ea913d9
보안 개발자 모집,넷마블,서울 구로구,https://kr.indeed.com/viewjob?jk=b9a9af798e9d24a5
[TmaxOS R&D] OS부문 개발 연구원 신입 및 경력,티맥스소프트,성남 분당구,https://kr.indeed.com/viewjob?jk=26c0e4bf4f4e103f
[인공지능기업] 풀스택 개발자 (경력),머니브레인,서울,https://kr.indeed.com/viewjob?jk=2e34b878b20ceb26
Analytics Specialist,MightyHive,서울,https://kr.indeed.com/viewjob?jk=419692b3ddb34768
서비스 개발자 영입,베스핀글로벌,성남 분당구,https://kr.indeed.com/viewjob?jk=65b74cfbe0afcfb4
"웹개발, JAVA 외 경력 정규직, 계약직",오에스씨코리아이카이카,서울 서초구,https://kr.indeed.com/viewjob?jk=957b9bde11462dce
서비스 플랫폼 웹 개발자 모집,엔씨소프트,성남 판교역,https://kr.indeed.com/viewjob?jk=4d9591a0cece1e3d
모니터링서비스 백엔드 개발자 모집,넷마블,서울 구로구,https://kr.indeed.com/viewjob?jk=1a37019c0a1e9835
카카오 지갑/인증 플랫폼 서버 개발자 모집,카카오,성남 판교역,https://kr.indeed.com/viewjob?jk=a6bf6722793470cf
"Software Engineer, Web Applications (Front End)",Sendbird,서울,https://kr.indeed.com/viewjob?jk=dd53033e00a26897
[개발업무]JAVA 개발자 사원 (경력자 우대 / 관련교육 수료 시 신입 지원 가능),코드원,고양 덕양구,https://kr.indeed.com/viewjob?jk=d0d57c48e6639bf9
FinTech 서비스 플랫폼 개발 통해 세상 변화시킬 개발자분 만나고 싶습니다,핀투비,서울 여의도,https://kr.indeed.com/viewjob?jk=b01342d6d3c2a24a
[정규직 경력] 블록체인 기반 신규 서비스 개발자,티파이브온라인,서울 금천구,https://kr.indeed.com/viewjob?jk=6d3a4762285342c6
QA 전략 담당자 모집,넷마블,서울 구로구,https://kr.indeed.com/viewjob?jk=9928677660c563f4
웹개발 신입/경력 정규직,텔큐온,서울 영등포구,https://kr.indeed.com/viewjob?jk=6f24cedb882f641b
퍼블리싱 플랫폼 프론트-엔드 개발자 모집,엔씨소프트,성남 판교역,https://kr.indeed.com/viewjob?jk=952258ecdefe35f8
사업 확장 개발 및 디자인,랭킹볼코리아,서울 강남구,https://kr.indeed.com/viewjob?jk=da329a3cb84cc64c
(주)테라젠바이오 데이터과제팀 계약직,테라젠바이오,수원 영통구,https://kr.indeed.com/viewjob?jk=b4c6146c52b4dc2b
[(주)에스엠디솔루션] 풀스택 개발자,에스엠디솔루션,서울 관악구,https://kr.indeed.com/viewjob?jk=5036b5c7c26e69d7
기판소재사업부 경력사원,LG이노텍,경상북도 구미,https://kr.indeed.com/viewjob?jk=66b73a6316aad7ff
Tech Lab 기반기술개발실 FE개발팀 Front-end 개발 Senior 정규직,이투스교육,서울 강남구,https://kr.indeed.com/viewjob?jk=88dfaf66ebe2a882
헬로우샵과 함께할 디지털 퍼블리셔,헬로우샵,서울 중구,https://kr.indeed.com/viewjob?jk=3f2a03100bdf6490
웹프론트엔드팀 - 게임웹 & 기타 대외서비스 프론트엔드 개발자,Nexon,성남 분당구,https://kr.indeed.com/viewjob?jk=28cf7fde019b2de1
Teller,US Defense Commissary Agency,대한민국,https://kr.indeed.com/viewjob?jk=feb1b1346ea01166
eCommerce Marketing Manager,Thermo Fisher Scientific,서울,https://kr.indeed.com/viewjob?jk=8d75521754a87a1f
Product Designer,Arc.dev,서울 서초역,https://kr.indeed.com/viewjob?jk=01c5e007aa2f4697
[TmaxOffice R&D] Web App 서비스 개발 신입 및 경력,티맥스소프트,성남 분당구,https://kr.indeed.com/viewjob?jk=60c2be6713f1fc1f
"Senior, Front end Engineer (Core Product)",Coupang,서울,https://kr.indeed.com/viewjob?jk=364901a61181489c
RFID Technical Consultant,Korean IT solution Provider,서울,https://kr.indeed.com/viewjob?jk=36a90fd1ead74d3f
"[JOIN OUR TEAM] Nodejs(Typescript), TypeORM, React-native 개발",바이로그,서울 송파구,https://kr.indeed.com/viewjob?jk=8f1d9ab737b0aa4f
[NAVER Cloud] 클라우드 Console 서비스 개발,Naver Business platform,성남 분당구,https://kr.indeed.com/viewjob?jk=ca9c93a43f52ad3f
Lead AI Platform Developer,AITRICS,서울,https://kr.indeed.com/viewjob?jk=5123207a169f90eb
"PLANNER STAFF, CAPACITY",ON Semiconductor,경기도 부천,https://kr.indeed.com/viewjob?jk=3d984fdc2af8b373
[인공지능기업] 풀스택 개발자 (경력),머니브레인,서울,https://kr.indeed.com/viewjob?jk=2e34b878b20ceb26
Senior Software Development Engineer,Microsoft,서울,https://kr.indeed.com/viewjob?jk=c1d3fb893c63977a
"Senior, Front-end Engineer (Advertiser Platform)",Coupang,서울,https://kr.indeed.com/viewjob?jk=b05c9dad0e2fed8a
"Senior, Front end Engineer (Core Product)",Coupang,서울,https://kr.indeed.com/viewjob?jk=364901a61181489c
AI Service Planning/Business Development,AITRICS,서울,https://kr.indeed.com/viewjob?jk=91aa3bd221ee815b
"Technical Specialist, Professional Services (Korean, English...",Google,서울,https://kr.indeed.com/viewjob?jk=9406c6bd8ce2195b
Front-End 개발 경력자 채용,(주)앤씨앤 관심기업 IBK추천 기관선정 코스닥,성남 삼평동,https://kr.indeed.com/viewjob?jk=46b6137cd874fe8c
"[SIZL 개발부 (송도)] Front-end//Back-end 경력, 신입",시즐,인천 연수구,https://kr.indeed.com/viewjob?jk=1cccebd7b49aae3b
[TmaxOffice R&D] Web App 서비스 개발 신입 및 경력,티맥스소프트,성남 분당구,https://kr.indeed.com/viewjob?jk=60c2be6713f1fc1f
Software Engineering Director,Canonical - Jobs,서울,https://kr.indeed.com/viewjob?jk=772b5813477436ec
코스닥 상장기업 OCEAN 개발,다원커리어,서울 강남구,https://kr.indeed.com/viewjob?jk=0ac64c7119cbfcfb
[수시채용] 웹프로그래머,게임하이,성남 분당구,https://kr.indeed.com/viewjob?jk=4be0578a35a41efc
모니터링서비스 백엔드 개발자 모집,넷마블,서울 구로구,https://kr.indeed.com/viewjob?jk=1a37019c0a1e9835
정규직웹개발자(백엔드/프론트엔드) 경력,로컬링크,대한민국,https://kr.indeed.com/viewjob?jk=c1d90ce523555c7b
"Principal, Back-end Engineer (Service Engineering)",Coupang,서울,https://kr.indeed.com/viewjob?jk=3bb031f95312c279
Vue.js 프런트엔드/ App 개발 경력자,이지트래픽,안양 동안구,https://kr.indeed.com/viewjob?jk=58e5912e28dfa5c3
[TmaxOS R&D] OS부문 개발 연구원 신입 및 경력,티맥스소프트,성남 분당구,https://kr.indeed.com/viewjob?jk=26c0e4bf4f4e103f
QA 전략 담당자 모집,넷마블,서울 구로구,https://kr.indeed.com/viewjob?jk=9928677660c563f4
[이랜서/정규직] 웹개발자 (PHP),이랜서,서울 강남구,https://kr.indeed.com/viewjob?jk=5ad847bca2fc6cd6
Tech Lab 기반기술개발실 FE개발팀 Jr. Front-end Web Developer 정규직,이투스교육,서울 강남구,https://kr.indeed.com/viewjob?jk=45780cfa72b2f0ae
Machine Learning Platform Service Front-end Engineer,LINE Plus corporation,대한민국,https://kr.indeed.com/viewjob?jk=cecdbf6e9f222a10
Front end Web Developer,Success Korea,서울 종로구,https://kr.indeed.com/viewjob?jk=dc95ab9a7a33628f
Tech Lab 기반기술개발실 FE개발팀 Front-end 개발 Senior 정규직,이투스교육,서울 강남구,https://kr.indeed.com/viewjob?jk=88dfaf66ebe2a882
S/W 개발자를 모집합니다.,(주)화성 관심기업,강릉 안현동,https://kr.indeed.com/viewjob?jk=517d6b08fa89d048
내방니방과 꿈 함께 할 개발자님 !,내방니방,대한민국,https://kr.indeed.com/viewjob?jk=b5ee0e78b5918711
Specialist Manager(Security),Microsoft,서울,https://kr.indeed.com/viewjob?jk=11730ab89b7b5f15
Cloud Support Engineer - Databases,Amazon Web Services Korea LLC,서울,https://kr.indeed.com/viewjob?jk=e6a3581e9c4ddcff
중화권 대상 쇼핑 플랫폼 카요 BackEnd 개발 부문,카요,서울 종로구,https://kr.indeed.com/viewjob?jk=5ba060c7315de8f3
HR Specialist (계약직},Success Korea,서울,https://kr.indeed.com/viewjob?jk=fdeeb55be434c014
인재풀 등록 (Tech),뱅크샐러드,서울 영등포구,https://kr.indeed.com/viewjob?jk=aed6263ede7da165
Global Commerce Platform Engineer (Front-end),LINE Plus corporation,대한민국,https://kr.indeed.com/viewjob?jk=dffb8e5ad3acc6a6
Java 웹 개발 경력자,디오티스,서울 송파구,https://kr.indeed.com/viewjob?jk=2450caf55522d34e
국내 대기업 계열사 - Java기반 웹개발 경력자(과장-부장),라피플코리아리미티드,서울,https://kr.indeed.com/viewjob?jk=1777e605b7d9d1c5
Home based Software Engineering Lead - Open Source,Canonical - Jobs,서울,https://kr.indeed.com/viewjob?jk=5f25c484aa306813
Front-End Developer,Success Korea,서울,https://kr.indeed.com/viewjob?jk=8dcbc0a3469284bf
AI플랫폼 프론트엔드 개발자 모집,넷마블,서울 구로구,https://kr.indeed.com/viewjob?jk=825658107e2d9a41
Cloud Platform Service Front-end Engineer,LINE Plus corporation,대한민국,https://kr.indeed.com/viewjob?jk=cd5689f365ca9d28
"웹개발, JAVA 외 경력 정규직, 계약직",오에스씨코리아이카이카,서울 서초구,https://kr.indeed.com/viewjob?jk=957b9bde11462dce
아날로그 및 RFIC 아날로그 설계 경력자,15년 연혁의 우수 벤처기업 (비메모리 팹리스),서울 강남구,https://kr.indeed.com/viewjob?jk=8d5ba3fbae4d1a27
UI 개발자 (Front end developer),Success Korea,서울 신사동,https://kr.indeed.com/viewjob?jk=eae6b4d9632b7074
[강남역] SI 생보사 개발 경력사원 (계약직&프리랜서),모드니사회적협동조합,서울,https://kr.indeed.com/viewjob?jk=eaa514120c54ce28
ER Assciate,Success Korea,서울,https://kr.indeed.com/viewjob?jk=a3f57ab96ac5e254
웹디자이너/프런트개발자분 (이커머스 스타트업),더블아이즈,서울 용산구,https://kr.indeed.com/viewjob?jk=9521fbf0adbf1536
궁합보고 개발자,마이핏,서울 동작구,https://kr.indeed.com/viewjob?jk=ab495f152c9d7e45
"1인 식문화에 새로운 흐름 가져올 푸드테크 기업, 가배브로스 공동 창업자 겸 SW개발자",가배브로스,대한민국,https://kr.indeed.com/viewjob?jk=0dea68838cffc122
2021 WORKS MOBILE 경력사원 인재 Pool,네이버,서울,https://kr.indeed.com/viewjob?jk=a34b4cbf26472273
[NAVER Cloud] 클라우드 Console 서비스 개발,네이버,서울,https://kr.indeed.com/viewjob?jk=6da9de50d959e6c7
SITE RELIABILITY ENGINEER,"ODK Media, Inc.",서울 강남구,https://kr.indeed.com/viewjob?jk=45b7e37f11b4c1af
"Senior, Back-end Engineer (Service Engineering)",Coupang,서울,https://kr.indeed.com/viewjob?jk=8a05f54c76bffc1f
이러닝 front-end 개발,Success Korea,서울,https://kr.indeed.com/viewjob?jk=eb10c18fe9f39b70
웹개발 (Front-End),Success Korea,서울,https://kr.indeed.com/viewjob?jk=dad4f30dae3baf19
크라우드웍스 개발 & 데이터 PM직군 경력직,크라우드웍스,서울 강남구,https://kr.indeed.com/viewjob?jk=bb7b914f3d96b5c3
플랫폼기획자 중견바이오기업,30+일 전,서울특별시,https://kr.indeed.com/viewjob?jk=78c14df6a1232294
Frontend Engineer,KidsLoop,서울,https://kr.indeed.com/viewjob?jk=011fbe9572b04f10
Web Designer/Developer,ChartMogul,서울,https://kr.indeed.com/viewjob?jk=a3ded373faead972
"R&D Engineer, Sr I",Synopsys,서울,https://kr.indeed.com/viewjob?jk=bc8ed9ce196be950
Front-end 개발자,Success Korea,서울,https://kr.indeed.com/viewjob?jk=7d98cad5335beb9f
Front-End 개발자 (거래시스템연구소),Success Korea,서울 강남구,https://kr.indeed.com/viewjob?jk=d0c019c1740d188d
[정규직] 교육시스템 (Learning Management System)개발 경력사원,스퀘어네트,서울 서초구,https://kr.indeed.com/viewjob?jk=e234a8f79b88fd4d
iOS Developer,아우름플래닛,서울 마포구,https://kr.indeed.com/viewjob?jk=c7dae00c9855a1c4
Front end 개발,에이치알 코리아,서울,https://kr.indeed.com/viewjob?jk=c5a8637fa205024c
React Native Developer,아우름플래닛,서울 마포구,https://kr.indeed.com/viewjob?jk=59c9ee6a635c251a
Software Engineer - Front End Developer (Angular),Applied Materials Inc.,대한민국,https://kr.indeed.com/viewjob?jk=1aa5026a692691d9
Web Front-end 개발 (3년이상),Success Korea,서울,https://kr.indeed.com/viewjob?jk=a5c53e65537b962a
이러닝 서비스기획(Front-end),Success Korea,서울,https://kr.indeed.com/viewjob?jk=2a5ca71e57ef3bde
Front-end 개발,Success Korea,서울,https://kr.indeed.com/viewjob?jk=36d6fa8af0729eba
"SoC(System on a Chip) Digital IC designer I, II",리얼텍세미콘덕터코페레이션코리아오피스,서울 강남구,https://kr.indeed.com/viewjob?jk=d065dd7b5e8e6c9c
Front-End 개발자 (거래소),Success Korea,서울 강남구,https://kr.indeed.com/viewjob?jk=7b5a68e09e0eeb71
"Engineering Manager, Server Platform",Sendbird,서울,https://kr.indeed.com/viewjob?jk=8289fe02a353fc85
Lead Medical AI SW Developer,AITRICS,서울,https://kr.indeed.com/viewjob?jk=8cfba12674f9f025
Java master와 웹 개발 경력직,라임에스엔씨,서울,https://kr.indeed.com/viewjob?jk=7b1082e579bd5f7f
Analog RF IC full custom layout 및 verification 엔지니어,15년 연혁의 우수 벤처기업 (비메모리 팹리스),서울 강남구,https://kr.indeed.com/viewjob?jk=2a85904b2a85b9fa
Software Engineer (Front-End Web),TalentMatters,대한민국,https://kr.indeed.com/viewjob?jk=f4cd11b9fd91aa09
(주)에어키 웹 개발 경력직,에어키,서울 서초구,https://kr.indeed.com/viewjob?jk=f02101e6987d772d
"Director of Engineering, Search Quality (Search)",Coupang,서울,https://kr.indeed.com/viewjob?jk=e0f20ed58c4a5f21
풀무원식품㈜ 물류시스템 기획 및 운영 관리 경력,풀무원,경기도,https://kr.indeed.com/viewjob?jk=776445f7b8c091cc
ER Associate,Success Korea,서울,https://kr.indeed.com/viewjob?jk=598535290b031da1
Front-End 개발자 (2명),Success Korea,서울 강남구,https://kr.indeed.com/viewjob?jk=5278592df838d63b
Staff Software Engineer,Tapjoy,서울,https://kr.indeed.com/viewjob?jk=a0024498dac3c55a
Junior Full-Stack Developer,Asiance,서울,https://kr.indeed.com/viewjob?jk=7268328c0d71d81c
"Design Consultant, Sr II",Synopsys,대한민국,https://kr.indeed.com/viewjob?jk=83586c2727e0858a
"Cloud Support Engineer, Analytics",Amazon Web Services Korea LLC,서울,https://kr.indeed.com/viewjob?jk=351ff3974ba1bfc1
AI 인공지능 서비스 플랫폼 개발자,코그넷나인,서울 서초구,https://kr.indeed.com/viewjob?jk=d4fedbedf819ba56
"Payment 및 Fintech 서비스 개발(Back-end, Front-end 포함)",Success Korea,서울 강남구,https://kr.indeed.com/viewjob?jk=0a06f794c55b1193
AI Service Planning (CLOVA Note/AI Application Service),LINE Plus corporation,대한민국,https://kr.indeed.com/viewjob?jk=d61b7ff3a413d2f0
스타트업/인공지능연구소 Job사이트 DevOps/개발팀장급/백엔드,파이오니어에이아이연구소,서울 서초구,https://kr.indeed.com/viewjob?jk=b6afa22832e54919
웹 개발자,미래손,서울 금천구,https://kr.indeed.com/viewjob?jk=e720e2d9f35472fb
Front-End 개발(리더급),Success Korea,성남 판교역,https://kr.indeed.com/viewjob?jk=a76d855e107054c6
프론트엔드 시니어급 채용 벤처기업,29일 전,서울특별시,https://kr.indeed.com/viewjob?jk=7e64238a27bc3840
Murex Back Office SME/Lead,Luxoft,대한민국,https://kr.indeed.com/viewjob?jk=1afe507cd703b383
"Head of Product Design, Categories (Product UX)",Coupang,서울,https://kr.indeed.com/viewjob?jk=e80acf4aa960dcf6
Unity 프레임워크 기반 Front-end 개발,Success Korea,서울 쌍림동,https://kr.indeed.com/viewjob?jk=59dde16094055244
AI Specialty Sales,IBM,서울,https://kr.indeed.com/viewjob?jk=1d861df818815b14
Camera Process Development Engineer,Apple,서울,https://kr.indeed.com/viewjob?jk=2ebded981ea913d9
빗썸pro Front-End 개발(3명),Success Korea,서울 강남구,https://kr.indeed.com/viewjob?jk=d04c2290df39254c
Lead Medical AI SW Developer,AITRICS,서울,https://kr.indeed.com/viewjob?jk=8cfba12674f9f025
자이엔트 2019 상반기 개발자,자이엔트,천안 동남구,https://kr.indeed.com/viewjob?jk=6fc415d7a40063ac
빗썸pro Front-End 개발(3명),Success Korea,서울 강남구,https://kr.indeed.com/viewjob?jk=d04c2290df39254c
Sr. COS(Chip Operating System) Engineer,IT Service Provider,서울,https://kr.indeed.com/viewjob?jk=44b6f835eac211ca
"R&D Engineer, Sr I",Synopsys,서울,https://kr.indeed.com/viewjob?jk=bc8ed9ce196be950
전기전자컴퓨터공학부(지능형 생명정보 연구실) 위촉연구원(시간제),광주과학기술원,광주 북구,https://kr.indeed.com/viewjob?jk=ab10dd36e38c9106
Unity 프레임워크 기반 Front-end 개발,Success Korea,서울 쌍림동,https://kr.indeed.com/viewjob?jk=59dde16094055244
"[정규직/경력직] IoT개발자/엔지니어/기계설계 및 조립 연구원(양주,의정부 거주자 우대)",구츠,경기도 양주,https://kr.indeed.com/viewjob?jk=1d0cc918f6195cf4
Home based Software Engineering Lead - Open Source,Canonical - Jobs,서울,https://kr.indeed.com/viewjob?jk=5f25c484aa306813
Global Web Software Engineer (프론트엔드),LINE Plus corporation,대한민국,https://kr.indeed.com/viewjob?jk=76f75b3e7995f1b4
"Payment 및 Fintech 서비스 개발(Back-end, Front-end 포함)",Success Korea,서울 강남구,https://kr.indeed.com/viewjob?jk=0a06f794c55b1193
웹/모바일(APP) 서비스 기획,Success Korea,서울,https://kr.indeed.com/viewjob?jk=a3a682d412ecdbdd
정보지원셀 웹개발자 경력직,케이지제로인,대한민국,https://kr.indeed.com/viewjob?jk=70c7e7ac263b8733
UX Project Manager,Asiance,서울,https://kr.indeed.com/viewjob?jk=224fe3c4ab010a47
인재풀 등록 (Tech),뱅크샐러드,서울 영등포구,https://kr.indeed.com/viewjob?jk=aed6263ede7da165
Software Engineering Director,Canonical - Jobs,서울,https://kr.indeed.com/viewjob?jk=772b5813477436ec
"Regional Sales Manager, Advanced Fire Detection",Honeywell,서울,https://kr.indeed.com/viewjob?jk=c95482ec2992a7ec
"Engineering Manager, Server Platform",Sendbird,서울,https://kr.indeed.com/viewjob?jk=8289fe02a353fc85
ER Assciate,Success Korea,서울,https://kr.indeed.com/viewjob?jk=a3f57ab96ac5e254
ASIC 설계개발자,Success Korea,안양 인덕원역,https://kr.indeed.com/viewjob?jk=93b1f06d75131a6a
Back-end Developer,AITRICS,서울,https://kr.indeed.com/viewjob?jk=76152b2fa6809886
Front,에이치알 코리아,대한민국,https://kr.indeed.com/viewjob?jk=2c7341c783227cdf
[ASAP] 커머스 서비스기획 (5년 이상),Success Korea,서울,https://kr.indeed.com/viewjob?jk=9e047b6dbd616562
게임플랫폼 서버개발,Success Korea,성남 서현역,https://kr.indeed.com/viewjob?jk=54a07508e05274ad
"Head of Product Design, Categories (Product UX)",Coupang,서울,https://kr.indeed.com/viewjob?jk=e80acf4aa960dcf6
S/W 개발자를 모집합니다.,(주)화성 관심기업,강릉 안현동,https://kr.indeed.com/viewjob?jk=517d6b08fa89d048
인공지능(AI)·빅데이터(머신러닝 외 4개 부문),인공지는개발전문사,대한민국,https://kr.indeed.com/viewjob?jk=48fa571d74326f48
Senior Software Engineer - AdDashboard,Tapjoy,서울,https://kr.indeed.com/viewjob?jk=d5da0af87c06acf6
ASAP) 서비스 기획 (제2거래소),Success Korea,서울 강남구,https://kr.indeed.com/viewjob?jk=6ca2378cc0aa506c
웹분석 플랫폼 개발자,Success Korea,서울,https://kr.indeed.com/viewjob?jk=1b74606630893b09
Java Web Application (Front-End),Success Korea,성남 분당구,https://kr.indeed.com/viewjob?jk=0cf864d4a630d9c8
플랫폼 개발,Success Korea,서울 삼성동,https://kr.indeed.com/viewjob?jk=8b90bb0512e526e9
Web Tagging Engineer,Success Korea,서울,https://kr.indeed.com/viewjob?jk=33e82e5fe6db505b
"Design Consultant, Sr II",Synopsys,대한민국,https://kr.indeed.com/viewjob?jk=83586c2727e0858a
ER Associate,Success Korea,서울,https://kr.indeed.com/viewjob?jk=598535290b031da1
웹 개발자,미래손,서울 금천구,https://kr.indeed.com/viewjob?jk=e720e2d9f35472fb
웹(Front End) 개발자,Success Korea,성남 판교역,https://kr.indeed.com/viewjob?jk=982242bcea58584c
"Senior Technical Account Manager , Seoul",VMware PSO,서울,https://kr.indeed.com/viewjob?jk=9aab944bd592d0ee
[뉴웨이브](주)우리요 웹/서버 개발자,(주)우리요,전주 완산구,https://kr.indeed.com/viewjob?jk=37385b7ba674131b
웹 개발 랩장,Success Korea,서울,https://kr.indeed.com/viewjob?jk=87993f9bacf8ce88
포털 서비스 개발,Success Korea,서울,https://kr.indeed.com/viewjob?jk=93587610ac64d47e
서비스기획 (4년이상),Success Korea,서울,https://kr.indeed.com/viewjob?jk=e67d1213932c41d7
서비스기획 (4년이상)_추가추천,Success Korea,서울,https://kr.indeed.com/viewjob?jk=de14a7f209f31694
Client UI 개발(프론트엔드),Success Korea,성남 분당구,https://kr.indeed.com/viewjob?jk=4961be1b1f090f24
Principal Application Engineer – DIP,Cadence Design Systems,경기도,https://kr.indeed.com/viewjob?jk=bd5088882f3aa4a0
온라인시스템 담당,Success Korea,서울 역삼동,https://kr.indeed.com/viewjob?jk=1c4dbd613474abed
Digital 반도체 설계 엔지니어 (3~10년 경력자),Success Korea,안양 인덕원역,https://kr.indeed.com/viewjob?jk=48620c21f9c3e4fb
업계 상위 연봉 개발직군(iOS/Android/Frontend/Backend) 및 기획직군(PM),에스브이,서울 강남구,https://kr.indeed.com/viewjob?jk=8539d096f25381e1
웹개발,Success Korea,서울 강남구,https://kr.indeed.com/viewjob?jk=2279ea5ffec3e1ec
서비스 기획 (거래시스템연구소),Success Korea,서울 강남구,https://kr.indeed.com/viewjob?jk=2f1e9d9badd8efc9
