Title,Company,Link
Senior Open Source Software Engineer (Python),Ethyca,https://weworkremotely.com/remote-jobs/ethyca-senior-open-source-software-engineer-python-1
"Senior Open Source Developer & DevOps (Python, Django, React, AWS/OpenStack)",OpenCraft,https://weworkremotely.com/remote-jobs/opencraft-senior-open-source-developer-devops-python-django-react-aws-openstack
Full Stack Developer (Python & Vue.js),Motoinsight,https://weworkremotely.com/remote-jobs/motoinsight-full-stack-developer-python-vue-js
"Senior backend engineer (Python, Postgres, remote)",Gridium,https://weworkremotely.com/listings/gridium-senior-backend-engineer-python-postgres-remote
Senior Python Developer (Fully Remote) ,JBS Solutions,https://weworkremotely.com/remote-jobs/jbs-solutions-senior-python-developer-fully-remote
(Senior) Python Full Stack Software Developer,Optimile,https://weworkremotely.com/remote-jobs/optimile-senior-python-full-stack-software-developer
Python App Developer / Modernizing the electric grid,GridUnity,https://weworkremotely.com/remote-jobs/gridunity-python-app-developer-modernizing-the-electric-grid
Backend Python Engineer,DataKitchen,https://weworkremotely.com/remote-jobs/datakitchen-backend-python-engineer
Senior Backend Python Developer,Remotely.Works,https://weworkremotely.com/remote-jobs/remotely-works-senior-backend-python-developer
Senior Python Application Engineer,Atlantis Technology,https://weworkremotely.com/remote-jobs/atlantis-technology-senior-python-application-engineer
Senior Back-end Developer (Python),Input Logic,https://weworkremotely.com/remote-jobs/input-logic-senior-back-end-developer-python
Python + Django Software Engineer (Remote),WP Media,https://weworkremotely.com/remote-jobs/wp-media-python-django-software-engineer-remote-1
Software Engineer - Backend/Python (Americas & Europe -- 100% Remote),Close,https://weworkremotely.com/remote-jobs/close-software-engineer-backend-python-americas-europe-100-remote
Python Developer,X-Team,https://weworkremotely.com/remote-jobs/x-team-python-developer-2
Senior Python Developer - Remote,Ebury,https://weworkremotely.com/remote-jobs/ebury-senior-python-developer-remote-1
"Full Stack Python Developer (Data Mining, Data Analysis, NLP, Image Processing, AWS, Azure)",Needle Digital,https://weworkremotely.com/remote-jobs/needle-digital-full-stack-python-developer-data-mining-data-analysis-nlp-image-processing-aws-azure
Senior Backend Python Engineer,Creditspring,https://weworkremotely.com/remote-jobs/creditspring-senior-backend-python-engineer
Python Engineer,TradeCore Group Limited,https://weworkremotely.com/remote-jobs/tradecore-group-limited-python-engineer
Python Software Engineer (Data Pipeline),Bloomreach,https://stackoverflow.com/jobs/524987
Python Full-Stack Software Engineer,Steeprock Inc,https://stackoverflow.com/jobs/530560
Backend Engineer (Python/APIs),Belvo Technologies,https://stackoverflow.com/jobs/536582
Python Developer - REMOTE WORK,BairesDev LLC,https://stackoverflow.com/jobs/544025
"Senior Software Engineer - Full-stack (Python, React)",Invitae Corporation,https://stackoverflow.com/jobs/522534
"Remote Senior Software Engineer, Python",Verys,https://stackoverflow.com/jobs/543317
Back-End Developer (i.e. Python),Imaginary Cloud,https://stackoverflow.com/jobs/544000
"Senior Python Engineer, Backend (Remote)",AssemblyAI,https://stackoverflow.com/jobs/540026
Senior Developer (Python/Django)- Remote,JBS Custom Software Solutions,https://stackoverflow.com/jobs/528408
Senior Python Developer Remote (f/m/d),Ambient,https://stackoverflow.com/jobs/493874
Senior Backend Engineer - Python - MÃ©xico,Cornershop by Uber,https://stackoverflow.com/jobs/526139
Contract Senior Developer - Python / React (FilmTech),We Got POP Ltd,https://stackoverflow.com/jobs/531069
Senior Python/Django Full-stack Developer,Apicbase Belgium,https://stackoverflow.com/jobs/515716
Python Developer (Remote),X-Team,https://stackoverflow.com/jobs/534454
Sr. Fullstack Python Engineer at Top Marketplace,StyleSeat,https://stackoverflow.com/jobs/522691
Senior Python Engineer - Remote,SmileDirectClub,https://stackoverflow.com/jobs/538691
Senior Backend Developer ðŸ§° Python | Experience: 5+ years | 100% Remote,Nira,https://stackoverflow.com/jobs/544869
Full Stack Python / Django for Awesome Saas,"Lead Sherpa, Inc.",https://stackoverflow.com/jobs/522688
"Data Engineer (Python, ETL)",Finsera,https://stackoverflow.com/jobs/536631
Python/Django Developer (f/m/d),TeleClinic GmbH,https://stackoverflow.com/jobs/514324
"SENIOR FULL-STACK DEV WITH RUBY / PYTHON / REACT NATIVE -- 100% REMOTE, FLEXIBLE",Analytics Fire,https://stackoverflow.com/jobs/517987
Software Engineer (Java/Python),ComplyAdvantage,https://stackoverflow.com/jobs/528544
Python Developer (Remote),Finsera,https://stackoverflow.com/jobs/524065
Senior Software Developer (Python) for a London-based online furniture retailer,Pentalog,https://stackoverflow.com/jobs/536628
Python/Django Developer (Remote),Soshace LLC,https://stackoverflow.com/jobs/539487
"Data Engineer (Python, ETL)",Finsera,https://stackoverflow.com/jobs/536631
Software Engineer - Python and React,SureSwift Capital,https://stackoverflow.com/jobs/544565
Softwareentwickler (m/w/d) Backend Python/Go,Hetzner Cloud GmbH,https://stackoverflow.com/jobs/272624
Python Developer,Lumen,https://stackoverflow.com/jobs/530538
Python/Django Developer (f/m/d),TeleClinic GmbH,https://stackoverflow.com/jobs/514324
Senior Software Engineer - C++/Python,Optibrium,https://stackoverflow.com/jobs/519482
Senior Software Engineer (Python) - Build and Test Infrastructure - Platform9,None,https://stackoverflow.com/jobs/542211
Software Engineer (Java/Python),ComplyAdvantage,https://stackoverflow.com/jobs/528544
Senior Python Back End Engineer - Tech Lead (Remote-LatAm),Loadsmart,https://stackoverflow.com/jobs/508341
Software Engineer II (Python and Angular),Western Governors University,https://stackoverflow.com/jobs/537887
Ð Ð°Ð·Ñ€Ð°Ð±Ð¾Ñ‚Ñ‡Ð¸Ðº Ð½Ð° R / Java / C / Python,Conjoint.ly,https://stackoverflow.com/jobs/529461
"Senior Software Engineer, Integration QA, Python",Canonical,https://stackoverflow.com/jobs/519661
Full Stack Developer JavaScript / Angular / Python,"Ciber Global, LLC",https://stackoverflow.com/jobs/544685
Senior Python Engineer,None,https://stackoverflow.com/jobs/524663
"Senior Software Infrastructure Engineer (Robotics, Python, Linux)",Righthand Robotics,https://stackoverflow.com/jobs/540000
Senior Python Developer (100% Remote),Western Governors University,https://stackoverflow.com/jobs/538135
Python Developer,Zyte (formerly Scrapinghub),https://stackoverflow.com/jobs/513698
Senior Software Engineer (Java/Python - Data Insights),ComplyAdvantage,https://stackoverflow.com/jobs/528607
"Software Engineer (Polyglot, Ruby, Python, Java)",Kipu Health,https://stackoverflow.com/jobs/540242
Senior Software Engineer - Python,DIGARC,https://stackoverflow.com/jobs/497630
"Senior Open Source Developer & DevOps (Python, Django, AWS, OpenStack)",OpenCraft,https://stackoverflow.com/jobs/453430
Python Engineer,MarketMuse,https://stackoverflow.com/jobs/539274
Software Engineer - Python - Optimise Ubuntu for Public Clouds,Canonical,https://stackoverflow.com/jobs/532909
"Senior .Net Developer for ML, Computer Vision and Python Algorithm development",MapLarge,https://stackoverflow.com/jobs/165235
"Full Stack Data Lead (AWS, Python)",Modus Create,https://stackoverflow.com/jobs/539789
"Senior Backend Engineer, Infrastructure",Chaturbate,https://stackoverflow.com/jobs/448419
"Full Stack Data Lead (AWS, Python)",Modus Create,https://stackoverflow.com/jobs/539789
Node.js Developer (Remote),Soshace LLC,https://stackoverflow.com/jobs/539488
React.js Developer (Remote),Soshace LLC,https://stackoverflow.com/jobs/539486
Senior Software Engineer (Java)- Remote,JBS Custom Software Solutions,https://stackoverflow.com/jobs/538121
Sr Mobile Developer (iOS/Android)- Remote,JBS Custom Software Solutions,https://stackoverflow.com/jobs/532933
"Senior Software Engineer, Mobile (Remote)",Brex,https://stackoverflow.com/jobs/525274
"Software Engineer, Product (Remote)",Brex,https://stackoverflow.com/jobs/525268
"Software Engineer, Data (Remote)",Brex,https://stackoverflow.com/jobs/525270
"Software Engineer, Frontend (Remote)",Brex,https://stackoverflow.com/jobs/525275
Software Engineer at Sustainable Startup,Hades Technologies AG,https://stackoverflow.com/jobs/540859
Remote Backend Engineer - Spring - Leading Platform for Online Creators,None,https://stackoverflow.com/jobs/530026
"Sr. Software Engineer, Data at Top Marketplace",StyleSeat,https://stackoverflow.com/jobs/542192
Senior Full-stack Django and React Developer,Scalable Path,https://stackoverflow.com/jobs/536875
DevOps Engineer for Awesome SaaS,"Lead Sherpa, Inc.",https://stackoverflow.com/jobs/522690
Software Engineer (Remote),Signifyd,https://stackoverflow.com/jobs/541507
Senior Full-stack Engineer,"ApolloFactor, Inc",https://stackoverflow.com/jobs/521213
React.js Frontend Developer (m/f/d) - Remote,social sweetheartsÂ® GmbH,https://stackoverflow.com/jobs/543494
Backend Engineer,Tessian,https://stackoverflow.com/jobs/542198
Intertoob Scanner Builder (Fullstack Engineer),Carve Systems,https://stackoverflow.com/jobs/517498
Remote Engineering Manager - Spring - Leading Platform for Online Creators,None,https://stackoverflow.com/jobs/543921
Senior Software Engineer (Full Stack),Parenthetic,https://stackoverflow.com/jobs/539449
Backend Software Engineer,Actio,https://stackoverflow.com/jobs/534710
Backend Software Engineer,Hummingbot,https://stackoverflow.com/jobs/537131
React Front End Developer,"Daupler, Inc.",https://stackoverflow.com/jobs/523351
Django Backend Developer,Chaturbate,https://stackoverflow.com/jobs/544134
React.js Frontend Developer (m/f/d) - Remote,social sweetheartsÂ® GmbH,https://stackoverflow.com/jobs/543494
Fullstack Developer (f/m/d),TeleClinic GmbH,https://stackoverflow.com/jobs/508937
Software Engineer (Full Stack),Parenthetic,https://stackoverflow.com/jobs/527828
Cloud Engineer (all genders),Meshcloud GmbH,https://stackoverflow.com/jobs/544503
Software Developer,Omnivore Technologies,https://stackoverflow.com/jobs/522531
Front-end Engineer (Full-Remote in Japan*),PayPay Corporation.,https://stackoverflow.com/jobs/292635
Senior Frontend Software Engineer,"Prefect Technologies, Inc.",https://stackoverflow.com/jobs/539766
Elixir Developer willing to revolutionalize the Finance sector through APIs,Isabel Group,https://stackoverflow.com/jobs/537664
Software Developer Frontend (m/w/d) Javascript,solute GmbH,https://stackoverflow.com/jobs/283761
Remote Full Stack Engineer - Spring - Leading Platform for Online Creators,None,https://stackoverflow.com/jobs/543922
Back-End Software Engineer,"Ascella Technologies, Inc.",https://stackoverflow.com/jobs/536596
"Backend Developer (Node.js, Postgres, AWS)",Fretello GmbH,https://stackoverflow.com/jobs/533110
Senior Full Stack Engineer at Leading Education Company,Tynker,https://stackoverflow.com/jobs/494562
Remote Experienced Backend Engineer - Ruby,"Theorem, LLC",https://stackoverflow.com/jobs/539785
Senior Backend Developer (Django),Self Decode,https://stackoverflow.com/jobs/529107
Senior Backend Engineer,Tessian,https://stackoverflow.com/jobs/542201
.Net Software Developer,Geotab,https://stackoverflow.com/jobs/528786
Senior Integrations Engineer ðŸ§° API | OAuth | Experience: 5+ years | 100% Remote,Nira,https://stackoverflow.com/jobs/544870
Senior Software Engineer (PHP),PSP Media,https://stackoverflow.com/jobs/486921
Senior Full Stack Software Engineer,BRG - The GAT Team,https://stackoverflow.com/jobs/535487
"Senior Software Engineer, Ecosystems",Moov Financial,https://stackoverflow.com/jobs/541118
C++ Software Engineer (Analytics) - Exponea,Bloomreach,https://stackoverflow.com/jobs/524990
Front-End Developer,Imaginary Cloud,https://stackoverflow.com/jobs/544748
Lead Backend Developer - Elixir,PandaScore,https://stackoverflow.com/jobs/540762
Software Engineer,Ledger Investing,https://stackoverflow.com/jobs/445674
Software Engineer - Frontend,Juni Technology AB,https://stackoverflow.com/jobs/482429
Software Developer/Engineer in Test - Java (Onsite or Remote),Foshtech,https://stackoverflow.com/jobs/544757
Senior Full-Stack Engineer (m/f/d) - SAP Business Process Intelligence,Signavio,https://stackoverflow.com/jobs/542181
Senior Full Stack / Back-End App Developer,Arva Intelligence,https://stackoverflow.com/jobs/517111
"Engineering Experience, Senior Software Engineer (Remote)",Hotjar,https://stackoverflow.com/jobs/528857
"Sr. Software Engineer, Reverse engineering (Remote)",Mono,https://stackoverflow.com/jobs/534529
Back-End Software Engineer,"Ascella Technologies, Inc.",https://stackoverflow.com/jobs/536596
Senior Backend Engineer,Zumper,https://stackoverflow.com/jobs/446579
"Senior Platform Software Engineer - Data Streams(Flink, Kafka, Beam, Kubernetes)",Yelp,https://stackoverflow.com/jobs/488024
Software Engineer - Research Team,"GrammaTech, Inc.",https://stackoverflow.com/jobs/525399
Software Engineer,Signifyd,https://stackoverflow.com/jobs/526761
Senior Frontend Engineer - Databento (Fully Remote),Unusual Ventures,https://stackoverflow.com/jobs/524277
Senior Software Engineers (fullstack/frontend),Kanopi,https://stackoverflow.com/jobs/522706
Full stack software engineer,Ailo,https://stackoverflow.com/jobs/372382
Senior Full Stack Software Engineer,BRG - The GAT Team,https://stackoverflow.com/jobs/535487
Senior Software Engineer (PHP),PSP Media,https://stackoverflow.com/jobs/486921
Software Developer,"Techcyte, Inc.",https://stackoverflow.com/jobs/459798
Java Developer-Microservices OpenShift,CGI Inc.,https://stackoverflow.com/jobs/523357
Senior & Principal Software Engineers,Genesys,https://stackoverflow.com/jobs/535332
"Software Engineer, Backend",AllTrails,https://stackoverflow.com/jobs/541113
Founding Software Engineer - Backend (Rasgo),Unusual Ventures,https://stackoverflow.com/jobs/485991
Full Stack Developer (Django + React),Self Decode,https://stackoverflow.com/jobs/524866
Back-end Engineer (Full-Remote in Japan*),PayPay Corporation.,https://stackoverflow.com/jobs/291980
Lead Software Engineer,Bombora,https://stackoverflow.com/jobs/391469
Software Engineer,Hades,https://remoteok.io/remote-jobs/105618-remote-software-engineer-hades
Software Engineer,Reincubate,https://remoteok.io/remote-jobs/105609-remote-software-engineer-reincubate
Senior Full Stack Software Engineer,Tucows,https://remoteok.io/remote-jobs/105592-remote-senior-full-stack-software-engineer-tucows
Senior Software Engineer,Administrate,https://remoteok.io/remote-jobs/102166-remote-senior-software-engineer-administrate
Lead Developer Support,Tucows,https://remoteok.io/remote-jobs/105502-remote-lead-developer-support-tucows
Software Engineer Team Lead,Tucows,https://remoteok.io/remote-jobs/105499-remote-software-engineer-team-lead-tucows
Software Engineer Backend,Settle,https://remoteok.io/remote-jobs/105448-remote-software-engineer-backend-settle
Senior Full Stack Developer Django Vue.js 100,Accruvia,https://remoteok.io/remote-jobs/105416-remote-senior-full-stack-developer-django-vue-js-100-accruvia
Senior Back End Software Engineer,Tucows,https://remoteok.io/remote-jobs/105310-remote-senior-back-end-software-engineer-tucows
Interview Engineer,Karat ,https://remoteok.io/remote-jobs/105293-remote-interview-engineer-karat
Software Engineer,Argyle,https://remoteok.io/remote-jobs/105285-remote-software-engineer-argyle
Software Engineer Backend Python (Amer,Close,https://remoteok.io/remote-jobs/104218-remote-software-engineer-backend-python-amer-close
Senior Software Engineer,Iterative,https://remoteok.io/remote-jobs/99244-remote-senior-software-engineer-iterative
Backend Software Engineer,Argyle [PyJobs],https://remoteok.io/remote-jobs/105124-remote-backend-software-engineer-argyle-pyjobs
Senior Backend Python Developer,FeedStock,https://remoteok.io/remote-jobs/105112-remote-senior-backend-python-developer-feedstock
Senior Backend Software Engineer Python,crate.io,https://remoteok.io/remote-jobs/105108-remote-senior-backend-software-engineer-python-crate-io
Software Engineer,Metrika Inc.,https://remoteok.io/remote-jobs/105107-remote-software-engineer-metrika-inc
Senior Python Engineer,Clevertech,https://remoteok.io/remote-jobs/104882-remote-senior-python-engineer-clevertech
Lead Backend Developer,Remotesome,https://remoteok.io/remote-jobs/104744-remote-lead-backend-developer-remotesome
Senior Python Developer,Theme Analytics,https://remoteok.io/remote-jobs/104715-remote-senior-python-developer-theme-analytics
Senior Fullstack Engineer,Remotesome,https://remoteok.io/remote-jobs/104605-remote-senior-fullstack-engineer-remotesome
Systems Engineer,Tucows,https://remoteok.io/remote-jobs/104533-remote-systems-engineer-tucows
React.js Developer,Appsilon,https://remoteok.io/remote-jobs/104503-remote-react-js-developer-appsilon
Full Stack Developer,AMNESIA media,https://remoteok.io/remote-jobs/104488-remote-full-stack-developer-amnesia-media
Full Stack Software Engineer,GooseChase,https://remoteok.io/remote-jobs/104445-remote-full-stack-software-engineer-goosechase
Senior Python Django Engineer,Ten Spot,https://remoteok.io/remote-jobs/104135-remote-senior-python-django-engineer-ten-spot
Senior Backend Engineer,Remotesome,https://remoteok.io/remote-jobs/104111-remote-senior-backend-engineer-remotesome
Senior Staff Engineer,Shopify,https://remoteok.io/remote-jobs/104049-remote-senior-staff-engineer-shopify
Senior Software Development Manager,Shopify,https://remoteok.io/remote-jobs/104044-remote-senior-software-development-manager-shopify
Software Engineer,Argyle,https://remoteok.io/remote-jobs/104012-remote-software-engineer-argyle
DevOps Software Engineer,The Linux Foundation,https://remoteok.io/remote-jobs/103999-remote-devops-software-engineer-the-linux-foundation
Senior Software Engineer,Sugar,https://remoteok.io/remote-jobs/103910-remote-senior-software-engineer-sugar
Django Developer,Toptal,https://remoteok.io/remote-jobs/103865-remote-django-developer-toptal
Senior Software Engineer,JUMO,https://remoteok.io/remote-jobs/103829-remote-senior-software-engineer-jumo
Senior Backend Software Developer,Jungle Scout,https://remoteok.io/remote-jobs/103790-remote-senior-backend-software-developer-jungle-scout
Python Software Engineer,Vizibl,https://remoteok.io/remote-jobs/103724-remote-python-software-engineer-vizibl
Software Engineer Data Infra,Doximity,https://remoteok.io/remote-jobs/103575-remote-software-engineer-data-infra-doximity
Backend Web Developer,Kettle,https://remoteok.io/remote-jobs/103568-remote-backend-web-developer-kettle
Protocol Engineer,Status,https://remoteok.io/remote-jobs/103514-remote-protocol-engineer-status
Python Developer,Ampcontrol,https://remoteok.io/remote-jobs/103491-remote-python-developer-ampcontrol
Software Engineer,Argyle,https://remoteok.io/remote-jobs/103424-remote-software-engineer-argyle
Senior Software Engineer,Administrate,https://remoteok.io/remote-jobs/103216-remote-senior-software-engineer-administrate
Senior Open Source Developer DevOps,OpenCraft,https://remoteok.io/remote-jobs/103181-remote-senior-open-source-developer-devops-opencraft
Lead Salesforce Developer,Georgia Institute of Technology,https://remoteok.io/remote-jobs/103115-remote-lead-salesforce-developer-georgia-institute-of-technology
Senior Fullstack Python Developer,Backtracks.fm,https://remoteok.io/remote-jobs/102525-remote-senior-fullstack-python-developer-backtracks-fm
Senior C++ Developer,Flightradar24,https://remoteok.io/remote-jobs/102386-remote-senior-c-plus-plus-developer-flightradar24
Senior Backend Engineers,Argyle,https://remoteok.io/remote-jobs/102322-remote-senior-backend-engineers-argyle
Software Engineer,Argyle,https://remoteok.io/remote-jobs/102320-remote-software-engineer-argyle
Sr Software Engineer Data Infra,Doximity,https://remoteok.io/remote-jobs/102138-remote-sr-software-engineer-data-infra-doximity
Backend Software Engineer,Nav Inc,https://remoteok.io/remote-jobs/102132-remote-backend-software-engineer-nav-inc
Senior Software Engineer,Splitgraph,https://remoteok.io/remote-jobs/102104-remote-senior-software-engineer-splitgraph
Software Engineer Full Stack,Mainvest,https://remoteok.io/remote-jobs/102003-remote-software-engineer-full-stack-mainvest
Manager Toolchain Software Engineering,DataKitchen,https://remoteok.io/remote-jobs/101765-remote-manager-toolchain-software-engineering-datakitchen
Senior Backend Software Engineers,Argyle,https://remoteok.io/remote-jobs/101553-remote-senior-backend-software-engineers-argyle
Senior Software Engineer,Muck Rack,https://remoteok.io/remote-jobs/101485-remote-senior-software-engineer-muck-rack
Senior Python Django Developer,ZibaSec,https://remoteok.io/remote-jobs/101445-remote-senior-python-django-developer-zibasec
Senior Software Engineer,Muck Rack,https://remoteok.io/remote-jobs/101377-remote-senior-software-engineer-muck-rack
Senior Software Engineer,Administrate,https://remoteok.io/remote-jobs/101155-remote-senior-software-engineer-administrate
Senior Software Engineer,Welcome,https://remoteok.io/remote-jobs/101139-remote-senior-software-engineer-welcome
Software Engineer,Argyle,https://remoteok.io/remote-jobs/100929-remote-software-engineer-argyle
DevOps Software Engineer,The Linux Foundation,https://remoteok.io/remote-jobs/100705-remote-devops-software-engineer-the-linux-foundation
Senior Python Engineer,DataKitchen,https://remoteok.io/remote-jobs/100682-remote-senior-python-engineer-datakitchen
Software Engineer,Ampcontrol.io,https://remoteok.io/remote-jobs/100578-remote-software-engineer-ampcontrol-io
Full Stack Developer,HelloMaaS,https://remoteok.io/remote-jobs/100554-remote-full-stack-developer-hellomaas
Web Developer,LearnCube,https://remoteok.io/remote-jobs/100457-remote-web-developer-learncube
Senior Software Engineer,NannyML,https://remoteok.io/remote-jobs/100441-remote-senior-software-engineer-nannyml
Full Stack Developer,Earning Together,https://remoteok.io/remote-jobs/100005-remote-full-stack-developer-earning-together
Python Engineer,Intent Technologies,https://remoteok.io/remote-jobs/100003-remote-python-engineer-intent-technologies
Senior Developer,Toptal,https://remoteok.io/remote-jobs/99898-remote-senior-developer-toptal
Senior Backend Developer,Clarity Movement Co.,https://remoteok.io/remote-jobs/99896-remote-senior-backend-developer-clarity-movement-co
Backend Developer Data Scientist,komoot,https://remoteok.io/remote-jobs/99798-remote-backend-developer-data-scientist-komoot
Senior Front End Developer,PolySwarm,https://remoteok.io/remote-jobs/99794-remote-senior-front-end-developer-polyswarm
Senior Software Engineer,JetBridge,https://remoteok.io/remote-jobs/99792-remote-senior-software-engineer-jetbridge
Sr Software Engineer React React Native,Very LLC,https://remoteok.io/remote-jobs/99730-remote-sr-software-engineer-react-react-native-very-llc
Senior Full Stack Engineer,GooseChase,https://remoteok.io/remote-jobs/99701-remote-senior-full-stack-engineer-goosechase
Back End Developer,InReach Ventures,https://remoteok.io/remote-jobs/99530-remote-back-end-developer-inreach-ventures
Senior Back End Engineer,Beyond Pricing,https://remoteok.io/remote-jobs/99409-remote-senior-back-end-engineer-beyond-pricing
Senior Software Engineer,Muck Rack,https://remoteok.io/remote-jobs/99378-remote-senior-software-engineer-muck-rack
Senior Software Engineer,Netdata Inc,https://remoteok.io/remote-jobs/99258-remote-senior-software-engineer-netdata-inc
Lead Back End Developer,Simpleweb,https://remoteok.io/remote-jobs/99178-remote-lead-back-end-developer-simpleweb
Full Stack Developer,Coconut ,https://remoteok.io/remote-jobs/99168-remote-full-stack-developer-coconut
Freelance Backend Developer,Toptal,https://remoteok.io/remote-jobs/99118-remote-freelance-backend-developer-remote-toptal
Lead Full Stack Software Engineer,Prominent Edge,https://remoteok.io/remote-jobs/97397-remote-lead-full-stack-software-engineer-prominent-edge
Full Stack Python JavaScript Developer,Fjelltopp,https://remoteok.io/remote-jobs/97053-remote-full-stack-python-js-developer-fjelltopp
Python + Django Software Engineer,WP Media,https://remoteok.io/remote-jobs/96938-remote-python-django-software-engineer-wp-media
Software Engineer Security,Doximity,https://remoteok.io/remote-jobs/86398-remote-software-engineer-security-doximity
Django Developer,Mainvest,https://remoteok.io/remote-jobs/86390-remote-django-developer-mainvest
Senior Full Stack Engineer,Divvy Homes,https://remoteok.io/remote-jobs/104923-remote-senior-full-stack-engineer-divvy-homes
Senior Data Scientist,Divvy Homes,https://remoteok.io/remote-jobs/104922-remote-senior-data-scientist-divvy-homes
Strategic Partner Manager,Gorgias,https://remoteok.io/remote-jobs/104921-remote-strategic-partner-manager-gorgias
Senior Fullstack Engineer Python JavaScript,Gorgias,https://remoteok.io/remote-jobs/104920-remote-senior-fullstack-engineer-python-js-gorgias
Python Back End Developer TNX Logistics 100,Transporeon,https://remoteok.io/remote-jobs/104861-remote-python-back-end-developer-tnx-logistics-100-transporeon
Senior Full Stack Django Python Developer,Uncommon Giving,https://remoteok.io/remote-jobs/104451-remote-senior-full-stack-django-python-developer-uncommon-giving
Software Developer Python,Univention,https://remoteok.io/remote-jobs/104178-remote-software-developer-python-univention
Python Backend Developer,Cobblestone Energy,https://remoteok.io/remote-jobs/103955-remote-python-backend-developer-cobblestone-energy
Python Developer,SKY Group,https://remoteok.io/remote-jobs/103689-remote-python-developer-sky-group
Python Developer,IMS,https://remoteok.io/remote-jobs/103665-remote-python-developer-ims
Python Backend Developer,Werum IT Solutions -yght Data Science,https://remoteok.io/remote-jobs/103614-remote-python-backend-developer-werum-it-solutions-yght-data-science
Senior Python Developer Itemize,FinTech AI Company,https://remoteok.io/remote-jobs/103495-remote-senior-python-developer-itemize-fintech-ai-company
Senior Software Engineer Python,Genesys,https://remoteok.io/remote-jobs/103305-remote-senior-software-engineer-python-genesys
Enthousiastic Full Stack Developer With A Python Django Preference,Apicbase Belgium,https://remoteok.io/remote-jobs/103040-remote-enthousiastic-full-stack-developer-with-a-python-django-preference-apicbase-belgium
Python Backend Developer,Favox,https://remoteok.io/remote-jobs/102836-remote-python-backend-developer-favox
Senior Python Developer,CitNOW Video,https://remoteok.io/remote-jobs/102832-remote-senior-python-developer-citnow-video
Senior Python Developer,ACCURE Battery Intelligence,https://remoteok.io/remote-jobs/102594-remote-senior-python-developer-accure-battery-intelligence
Python Developer,Etiometry,https://remoteok.io/remote-jobs/102245-remote-python-developer-etiometry
Senior Full Stack Django Python Developer,Share Edge,https://remoteok.io/remote-jobs/102097-remote-senior-full-stack-django-python-developer-share-edge
Senior Python Developer,Ambient Innovation,https://remoteok.io/remote-jobs/101685-remote-senior-python-developer-ambient-innovation
Python Developer,Pentalog,https://remoteok.io/remote-jobs/100839-remote-python-developer-pentalog
Python Web Developer,RavenPack International SL,https://remoteok.io/remote-jobs/100836-remote-python-web-developer-ravenpack-international-sl
Jr Mid React Python Developer,Compugain,https://remoteok.io/remote-jobs/100695-remote-jr-mid-react-python-developer-compugain
Python Developer,Mako Medical,https://remoteok.io/remote-jobs/99941-remote-python-developer-mako-medical
Python Developer,CMAS Systems,https://remoteok.io/remote-jobs/99676-remote-python-developer-cmas-systems
Senior Python Developer,Findaway World,https://remoteok.io/remote-jobs/99575-remote-senior-python-developer-findaway-world
Python C Developer,HealthLumen,https://remoteok.io/remote-jobs/99294-remote-python-c-developer-healthlumen
Senior Python Developer,Findaway,https://remoteok.io/remote-jobs/99062-remote-senior-python-developer-findaway
Python Developer,BairesDev,https://remoteok.io/remote-jobs/98788-remote-python-developer-bairesdev
SR Django Developer,Trafilea,https://remoteok.io/remote-jobs/98666-remote-sr-django-developer-trafilea
Senior Software Engineer Python Tornado Amazon Web Services,Verys,https://remoteok.io/remote-jobs/98654-remote-senior-software-engineer-python-tornado-aws-verys
Python Developer,YouGov,https://remoteok.io/remote-jobs/98637-remote-python-developer-yougov
Principal Python Software Developer,Railroad19,https://remoteok.io/remote-jobs/98621-remote-principal-python-software-developer-railroad19
Experienced Python Developer,ShipHero,https://remoteok.io/remote-jobs/98580-remote-experienced-python-developer-shiphero
Senior Full Stack Python Developer,REPAY,https://remoteok.io/remote-jobs/98420-remote-senior-full-stack-python-developer-repay
Senior Python Developer,Adspert Bidmanagement,https://remoteok.io/remote-jobs/98409-remote-senior-python-developer-adspert-bidmanagement
Expert Django Developer,AppEvolve,https://remoteok.io/remote-jobs/98165-remote-expert-django-developer-appevolve
Python Developer,PeopleDoc,https://remoteok.io/remote-jobs/98046-remote-python-developer-peopledoc
Senior Python Developer,Flashpoint,https://remoteok.io/remote-jobs/97840-remote-senior-python-developer-flashpoint
Python Developer,UCRAFT,https://remoteok.io/remote-jobs/97815-remote-python-developer-ucraft
Python Developer,Upstack,https://remoteok.io/remote-jobs/97638-remote-python-developer-upstack
Python Full Stack Developer,REPAY,https://remoteok.io/remote-jobs/97466-remote-python-full-stack-developer-repay
Python Developer,Bitedge,https://remoteok.io/remote-jobs/97419-remote-python-developer-bitedge
Expert Django Developer,DjangoForce,https://remoteok.io/remote-jobs/97248-remote-expert-django-developer-djangoforce
Senior Software Engineer Python,Verys,https://remoteok.io/remote-jobs/97215-remote-senior-software-engineer-python-verys
Integrations Full Stack Python Developer,REPAY,https://remoteok.io/remote-jobs/97110-remote-integrations-full-stack-python-developer-repay
Senior Django Developer,Scalable Path,https://remoteok.io/remote-jobs/86775-remote-senior-django-developer-scalable-path
Senior Python Developer,We Are Common,https://remoteok.io/remote-jobs/86754-remote-senior-python-developer-we-are-common
Jr Python Developer,AppEvolve,https://remoteok.io/remote-jobs/86685-remote-jr-python-developer-appevolve
Senior Software Engineer,Routable,https://remoteok.io/remote-jobs/86632-remote-senior-software-engineer-python-django-routable
Full Stack Developer Node.js Python Go Autonomy Flexibility New Team,Oscatel,https://remoteok.io/remote-jobs/87096-remote-full-stack-developer-node-js-python-go-autonomy-flexibility-new-team-oscatel
Senior Python Developer,Backtracks,https://remoteok.io/remote-jobs/87344-remote-senior-python-developer-backtracks
